<?xml version="1.0" encoding="UTF-8"?>
<root>
  <item name="com.afollestad.materialdialogs.MaterialDialog void setActionButton(com.afollestad.materialdialogs.DialogAction, int) 1">
    <annotation name="android.support.annotation.StringRes" />
  </item>
  <item name="com.afollestad.materialdialogs.MaterialDialog.Builder com.afollestad.materialdialogs.MaterialDialog.Builder accentColorRes(int) 0">
    <annotation name="android.support.annotation.ColorRes" />
  </item>
  <item name="com.afollestad.materialdialogs.MaterialDialog.Builder com.afollestad.materialdialogs.MaterialDialog.Builder backgroundColorRes(int) 0">
    <annotation name="android.support.annotation.ColorRes" />
  </item>
  <item name="com.afollestad.materialdialogs.MaterialDialog.Builder com.afollestad.materialdialogs.MaterialDialog.Builder btnSelectorRes(int) 0">
    <annotation name="android.support.annotation.DrawableRes" />
  </item>
  <item name="com.afollestad.materialdialogs.MaterialDialog.Builder com.afollestad.materialdialogs.MaterialDialog.Builder content(int) 0">
    <annotation name="android.support.annotation.StringRes" />
  </item>
  <item name="com.afollestad.materialdialogs.MaterialDialog.Builder com.afollestad.materialdialogs.MaterialDialog.Builder content(int, java.lang.Object[]) 0">
    <annotation name="android.support.annotation.StringRes" />
  </item>
  <item name="com.afollestad.materialdialogs.MaterialDialog.Builder com.afollestad.materialdialogs.MaterialDialog.Builder contentColorRes(int) 0">
    <annotation name="android.support.annotation.ColorRes" />
  </item>
  <item name="com.afollestad.materialdialogs.MaterialDialog.Builder com.afollestad.materialdialogs.MaterialDialog.Builder customView(int) 0">
    <annotation name="android.support.annotation.LayoutRes" />
  </item>
  <item name="com.afollestad.materialdialogs.MaterialDialog.Builder com.afollestad.materialdialogs.MaterialDialog.Builder customView(int, boolean) 0">
    <annotation name="android.support.annotation.LayoutRes" />
  </item>
  <item name="com.afollestad.materialdialogs.MaterialDialog.Builder com.afollestad.materialdialogs.MaterialDialog.Builder dividerColorRes(int) 0">
    <annotation name="android.support.annotation.ColorRes" />
  </item>
  <item name="com.afollestad.materialdialogs.MaterialDialog.Builder com.afollestad.materialdialogs.MaterialDialog.Builder iconAttr(int) 0">
    <annotation name="android.support.annotation.AttrRes" />
  </item>
  <item name="com.afollestad.materialdialogs.MaterialDialog.Builder com.afollestad.materialdialogs.MaterialDialog.Builder iconRes(int) 0">
    <annotation name="android.support.annotation.DrawableRes" />
  </item>
  <item name="com.afollestad.materialdialogs.MaterialDialog.Builder com.afollestad.materialdialogs.MaterialDialog.Builder itemColorRes(int) 0">
    <annotation name="android.support.annotation.ColorRes" />
  </item>
  <item name="com.afollestad.materialdialogs.MaterialDialog.Builder com.afollestad.materialdialogs.MaterialDialog.Builder items(int) 0">
    <annotation name="android.support.annotation.ArrayRes" />
  </item>
  <item name="com.afollestad.materialdialogs.MaterialDialog.Builder com.afollestad.materialdialogs.MaterialDialog.Builder negativeColorRes(int) 0">
    <annotation name="android.support.annotation.ColorRes" />
  </item>
  <item name="com.afollestad.materialdialogs.MaterialDialog.Builder com.afollestad.materialdialogs.MaterialDialog.Builder negativeText(int) 0">
    <annotation name="android.support.annotation.StringRes" />
  </item>
  <item name="com.afollestad.materialdialogs.MaterialDialog.Builder com.afollestad.materialdialogs.MaterialDialog.Builder neutralColorRes(int) 0">
    <annotation name="android.support.annotation.ColorRes" />
  </item>
  <item name="com.afollestad.materialdialogs.MaterialDialog.Builder com.afollestad.materialdialogs.MaterialDialog.Builder neutralText(int) 0">
    <annotation name="android.support.annotation.StringRes" />
  </item>
  <item name="com.afollestad.materialdialogs.MaterialDialog.Builder com.afollestad.materialdialogs.MaterialDialog.Builder positiveColorRes(int) 0">
    <annotation name="android.support.annotation.ColorRes" />
  </item>
  <item name="com.afollestad.materialdialogs.MaterialDialog.Builder com.afollestad.materialdialogs.MaterialDialog.Builder positiveText(int) 0">
    <annotation name="android.support.annotation.StringRes" />
  </item>
  <item name="com.afollestad.materialdialogs.MaterialDialog.Builder com.afollestad.materialdialogs.MaterialDialog.Builder selectorRes(int) 0">
    <annotation name="android.support.annotation.DrawableRes" />
  </item>
  <item name="com.afollestad.materialdialogs.MaterialDialog.Builder com.afollestad.materialdialogs.MaterialDialog.Builder title(int) 0">
    <annotation name="android.support.annotation.StringRes" />
  </item>
  <item name="com.afollestad.materialdialogs.MaterialDialog.Builder com.afollestad.materialdialogs.MaterialDialog.Builder titleColorRes(int) 0">
    <annotation name="android.support.annotation.ColorRes" />
  </item>
  <item name="com.afollestad.materialdialogs.MaterialDialogCompat.Builder com.afollestad.materialdialogs.MaterialDialogCompat.Builder setIcon(int) 0">
    <annotation name="android.support.annotation.DrawableRes" />
  </item>
  <item name="com.afollestad.materialdialogs.MaterialDialogCompat.Builder com.afollestad.materialdialogs.MaterialDialogCompat.Builder setIconAttribute(int) 0">
    <annotation name="android.support.annotation.AttrRes" />
  </item>
  <item name="com.afollestad.materialdialogs.MaterialDialogCompat.Builder com.afollestad.materialdialogs.MaterialDialogCompat.Builder setMessage(int) 0">
    <annotation name="android.support.annotation.StringRes" />
  </item>
  <item name="com.afollestad.materialdialogs.MaterialDialogCompat.Builder com.afollestad.materialdialogs.MaterialDialogCompat.Builder setMultiChoiceItems(int, boolean[], android.content.DialogInterface.OnMultiChoiceClickListener) 0">
    <annotation name="android.support.annotation.ArrayRes" />
  </item>
  <item name="com.afollestad.materialdialogs.MaterialDialogCompat.Builder com.afollestad.materialdialogs.MaterialDialogCompat.Builder setNegativeButton(int, android.content.DialogInterface.OnClickListener) 0">
    <annotation name="android.support.annotation.StringRes" />
  </item>
  <item name="com.afollestad.materialdialogs.MaterialDialogCompat.Builder com.afollestad.materialdialogs.MaterialDialogCompat.Builder setNeutralButton(int, android.content.DialogInterface.OnClickListener) 0">
    <annotation name="android.support.annotation.StringRes" />
  </item>
  <item name="com.afollestad.materialdialogs.MaterialDialogCompat.Builder com.afollestad.materialdialogs.MaterialDialogCompat.Builder setPositiveButton(int, android.content.DialogInterface.OnClickListener) 0">
    <annotation name="android.support.annotation.StringRes" />
  </item>
  <item name="com.afollestad.materialdialogs.MaterialDialogCompat.Builder com.afollestad.materialdialogs.MaterialDialogCompat.Builder setSingleChoiceItems(int, int, android.content.DialogInterface.OnClickListener) 0">
    <annotation name="android.support.annotation.ArrayRes" />
  </item>
  <item name="com.afollestad.materialdialogs.MaterialDialogCompat.Builder com.afollestad.materialdialogs.MaterialDialogCompat.Builder setTitle(int) 0">
    <annotation name="android.support.annotation.StringRes" />
  </item>
</root>

